data,denominazione_regione,nuovi_positivi,totale_positivi,tamponi_settimanali,tamponi_positivi_settimanali,tamponi_test_antigenico_rapido,totale_positivi_test_antigenico_rapido
2024-11-13,Abruzzo,38,2945,951.0,30.0,5098586.0,428420.0
2024-11-13,Basilicata,5,10310,382.0,5.0,684632.0,131795.0
2024-11-13,Calabria,20,1854,657.0,19.0,2616300.0,454643.0
2024-11-13,Campania,135,9746,10777.0,122.0,12565311.0,1614559.0
2024-11-13,Emilia-Romagna,61,14506,2638.0,53.0,9408597.0,1123732.0
2024-11-13,Friuli-Venezia Giulia,92,477,692.0,70.0,4020902.0,359839.0
2024-11-13,Lazio,363,87060,8180.0,352.0,18157162.0,1516174.0
2024-11-13,Liguria,104,60,1891.0,99.0,4507360.0,408369.0
2024-11-13,Lombardia,712,3034,10694.0,588.0,30462971.0,2830245.0
2024-11-13,Marche,16,23,95.0,16.0,1790381.0,514023.0
2024-11-13,Molise,8,47,195.0,5.0,304673.0,74757.0
2024-11-13,Piemonte,227,60022,4734.0,215.0,17700982.0,1299532.0
2024-11-13,Puglia,128,831,3195.0,126.0,9932733.0,1188599.0
2024-11-13,Sardegna,27,13665,826.0,27.0,3378958.0,350558.0
2024-11-13,Sicilia,17,1499,54.0,12.0,11471304.0,1293135.0
2024-11-13,Toscana,262,889,7074.0,86.0,10388512.0,930150.0
2024-11-13,Trentino-Alto Adige,63,52,374.0,33.0,2227002.0,209426.0
2024-11-13,Umbria,3,666,545.0,0.0,3444894.0,301464.0
2024-11-13,Valle d'Aosta,1,2,169.0,1.0,466165.0,36276.0
2024-11-13,Veneto,349,10466,4577.0,132.0,27389847.0,1699981.0
2024-11-06,Abruzzo,57,2944,926.0,49.0,5097635.0,428390.0
2024-11-06,Basilicata,2,10309,300.0,2.0,684250.0,131790.0
2024-11-06,Calabria,40,1857,533.0,39.0,2615643.0,454624.0
2024-11-06,Campania,157,9912,9282.0,149.0,12554534.0,1614437.0
2024-11-06,Emilia-Romagna,264,14445,2790.0,229.0,9405959.0,1123679.0
2024-11-06,Friuli-Venezia Giulia,114,516,858.0,83.0,4020210.0,359769.0
2024-11-06,Lazio,386,86735,7692.0,364.0,18148982.0,1515822.0
2024-11-06,Liguria,137,85,1691.0,137.0,4505469.0,408270.0
2024-11-06,Lombardia,1019,4897,11299.0,857.0,30452277.0,2829657.0
2024-11-06,Marche,14,28,176.0,14.0,1790286.0,514007.0
2024-11-06,Molise,6,87,117.0,1.0,304478.0,74752.0
2024-11-06,Piemonte,395,60058,5258.0,379.0,17696248.0,1299317.0
2024-11-06,Puglia,129,773,2728.0,119.0,9929538.0,1188473.0
2024-11-06,Sardegna,27,13643,886.0,27.0,3378132.0,350531.0
2024-11-06,Sicilia,12,1529,55.0,9.0,11471250.0,1293123.0
2024-11-06,Toscana,279,1137,6511.0,104.0,10381438.0,930064.0
2024-11-06,Trentino-Alto Adige,71,70,434.0,31.0,2226628.0,209393.0
2024-11-06,Umbria,2,663,972.0,0.0,3444349.0,301464.0
2024-11-06,Valle d'Aosta,5,5,151.0,5.0,465996.0,36275.0
2024-11-06,Veneto,795,10564,5938.0,61.0,27385270.0,1699849.0
2024-10-30,Abruzzo,78,2926,1251.0,53.0,5096709.0,428341.0
2024-10-30,Basilicata,4,10312,387.0,4.0,683950.0,131788.0
2024-10-30,Calabria,53,1858,758.0,50.0,2615110.0,454585.0
2024-10-30,Campania,257,9998,11451.0,245.0,12545252.0,1614288.0
2024-10-30,Emilia-Romagna,457,14187,3251.0,418.0,9403169.0,1123450.0
2024-10-30,Friuli-Venezia Giulia,196,576,1062.0,143.0,4019352.0,359686.0
2024-10-30,Lazio,598,86370,9092.0,543.0,18141290.0,1515458.0
2024-10-30,Liguria,180,85,1986.0,180.0,4503778.0,408133.0
2024-10-30,Lombardia,1705,5609,14589.0,1485.0,30440978.0,2828800.0
2024-10-30,Marche,14,30,92.0,14.0,1790110.0,513993.0
2024-10-30,Molise,22,83,187.0,15.0,304361.0,74751.0
2024-10-30,Piemonte,623,60009,6732.0,603.0,17690990.0,1298938.0
2024-10-30,Puglia,220,935,3731.0,212.0,9926810.0,1188354.0
2024-10-30,Sardegna,45,13623,703.0,45.0,3377246.0,350504.0
2024-10-30,Sicilia,16,1523,58.0,14.0,11471195.0,1293114.0
2024-10-30,Toscana,453,1431,7708.0,196.0,10374927.0,929960.0
2024-10-30,Trentino-Alto Adige,124,113,550.0,66.0,2226194.0,209362.0
2024-10-30,Umbria,9,661,1263.0,0.0,3443377.0,301464.0
2024-10-30,Valle d'Aosta,8,17,179.0,8.0,465845.0,36270.0
2024-10-30,Veneto,737,11184,6390.0,298.0,27379332.0,1699788.0
2024-10-23,Abruzzo,127,2915,1464.0,96.0,5095458.0,428288.0
2024-10-23,Basilicata,10,10310,388.0,10.0,683563.0,131784.0
2024-10-23,Calabria,61,1857,769.0,60.0,2614352.0,454535.0
2024-10-23,Campania,354,10005,11959.0,332.0,12533801.0,1614043.0
2024-10-23,Emilia-Romagna,664,13736,3760.0,597.0,9399918.0,1123032.0
2024-10-23,Friuli-Venezia Giulia,245,652,1229.0,185.0,4018290.0,359543.0
2024-10-23,Lazio,928,85832,11816.0,904.0,18132198.0,1514915.0
2024-10-23,Liguria,228,94,2123.0,229.0,4501792.0,407953.0
2024-10-23,Lombardia,2693,6174,16056.0,2334.0,30426389.0,2827315.0
2024-10-23,Marche,16,43,138.0,16.0,1790018.0,513979.0
2024-10-23,Molise,15,61,299.0,10.0,304174.0,74736.0
2024-10-23,Piemonte,998,59898,8026.0,973.0,17684258.0,1298335.0
2024-10-23,Puglia,280,1404,3917.0,271.0,9923079.0,1188142.0
2024-10-23,Sardegna,52,13582,932.0,52.0,3376543.0,350459.0
2024-10-23,Sicilia,10,1520,69.0,9.0,11471137.0,1293100.0
2024-10-23,Toscana,590,1574,8511.0,355.0,10367219.0,929764.0
2024-10-23,Trentino-Alto Adige,167,157,585.0,91.0,2225644.0,209296.0
2024-10-23,Umbria,3,755,1341.0,0.0,3442114.0,301464.0
2024-10-23,Valle d'Aosta,13,14,216.0,13.0,465666.0,36262.0
2024-10-23,Veneto,1206,11257,7569.0,621.0,27372942.0,1699490.0
2024-10-16,Abruzzo,197,2920,1786.0,140.0,5093994.0,428192.0
2024-10-16,Basilicata,12,10300,461.0,12.0,683175.0,131774.0
2024-10-16,Calabria,85,1874,847.0,81.0,2613583.0,454475.0
2024-10-16,Campania,518,10259,12209.0,500.0,12521842.0,1613711.0
2024-10-16,Emilia-Romagna,828,13079,4260.0,763.0,9396158.0,1122435.0
2024-10-16,Friuli-Venezia Giulia,304,670,1265.0,237.0,4017061.0,359358.0
2024-10-16,Lazio,1046,84953,10854.0,974.0,18120382.0,1514011.0
2024-10-16,Liguria,254,98,2254.0,245.0,4499669.0,407724.0
2024-10-16,Lombardia,3498,5797,18144.0,3084.0,30410333.0,2824981.0
2024-10-16,Marche,21,54,193.0,21.0,1789880.0,513963.0
2024-10-16,Molise,7,137,114.0,2.0,303875.0,74726.0
2024-10-16,Piemonte,1458,59625,9258.0,1427.0,17676232.0,1297362.0
2024-10-16,Puglia,370,1300,4005.0,357.0,9919162.0,1187871.0
2024-10-16,Sardegna,76,13538,1012.0,76.0,3375611.0,350407.0
2024-10-16,Sicilia,23,1528,94.0,17.0,11471068.0,1293091.0
2024-10-16,Toscana,867,1565,8509.0,485.0,10358708.0,929409.0
2024-10-16,Trentino-Alto Adige,204,183,601.0,106.0,2225059.0,209205.0
2024-10-16,Umbria,117,903,1405.0,102.0,3440773.0,301464.0
2024-10-16,Valle d'Aosta,22,28,198.0,22.0,465450.0,36249.0
2024-10-16,Veneto,1526,11224,7977.0,619.0,27365373.0,1698869.0
2024-10-09,Abruzzo,215,2873,1907.0,158.0,5092208.0,428052.0
2024-10-09,Basilicata,22,10289,478.0,22.0,682714.0,131762.0
2024-10-09,Calabria,100,1884,853.0,90.0,2612736.0,454394.0
2024-10-09,Campania,607,10321,12612.0,575.0,12509633.0,1613211.0
2024-10-09,Emilia-Romagna,802,12254,3969.0,721.0,9391898.0,1121672.0
2024-10-09,Friuli-Venezia Giulia,342,694,1227.0,276.0,4015796.0,359121.0
2024-10-09,Lazio,1114,83987,9808.0,1061.0,18109528.0,1513037.0
2024-10-09,Liguria,248,91,2122.0,252.0,4497415.0,407479.0
2024-10-09,Lombardia,3767,5377,17765.0,3381.0,30392189.0,2821897.0
2024-10-09,Marche,15,41,158.0,15.0,1789687.0,513942.0
2024-10-09,Molise,35,131,239.0,21.0,303761.0,74724.0
2024-10-09,Piemonte,1342,58879,8422.0,1301.0,17666974.0,1295935.0
2024-10-09,Puglia,377,1423,4333.0,356.0,9915157.0,1187514.0
2024-10-09,Sardegna,77,13481,1047.0,77.0,3374599.0,350331.0
2024-10-09,Sicilia,29,1524,93.0,24.0,11470974.0,1293074.0
2024-10-09,Toscana,616,1371,6838.0,383.0,10350199.0,928924.0
2024-10-09,Trentino-Alto Adige,239,224,631.0,127.0,2224458.0,209099.0
2024-10-09,Umbria,207,1077,1506.0,197.0,3439368.0,301362.0
2024-10-09,Valle d'Aosta,26,33,212.0,26.0,465252.0,36227.0
2024-10-09,Veneto,1707,11246,7891.0,442.0,27357396.0,1698250.0
2024-10-02,Abruzzo,293,2825,2172.0,195.0,5090301.0,427894.0
2024-10-02,Basilicata,40,10274,481.0,40.0,682236.0,131740.0
2024-10-02,Calabria,111,1881,908.0,107.0,2611883.0,454304.0
2024-10-02,Campania,787,10331,13108.0,770.0,12497021.0,1612636.0
2024-10-02,Emilia-Romagna,782,11459,4113.0,729.0,9387929.0,1120951.0
2024-10-02,Friuli-Venezia Giulia,381,705,1264.0,297.0,4014569.0,358845.0
2024-10-02,Lazio,1416,82930,13023.0,1379.0,18099720.0,1511976.0
2024-10-02,Liguria,220,77,2029.0,218.0,4495293.0,407227.0
2024-10-02,Lombardia,3884,5880,17074.0,3538.0,30374424.0,2818516.0
2024-10-02,Marche,14,50,117.0,14.0,1789529.0,513927.0
2024-10-02,Molise,40,93,252.0,15.0,303522.0,74703.0
2024-10-02,Piemonte,1198,58142,7885.0,1172.0,17658552.0,1294634.0
2024-10-02,Puglia,449,2539,4637.0,433.0,9910824.0,1187158.0
2024-10-02,Sardegna,84,13414,1145.0,84.0,3373552.0,350254.0
2024-10-02,Sicilia,30,1528,91.0,26.0,11470881.0,1293050.0
2024-10-02,Toscana,654,1321,6600.0,454.0,10343361.0,928541.0
2024-10-02,Trentino-Alto Adige,245,224,673.0,139.0,2223827.0,208972.0
2024-10-02,Umbria,298,1130,1759.0,278.0,3437862.0,301165.0
2024-10-02,Valle d'Aosta,23,22,206.0,23.0,465040.0,36201.0
2024-10-02,Veneto,2124,11483,8780.0,2733.0,27349505.0,1697808.0
2024-09-25,Abruzzo,244,2730,1783.0,147.0,5088129.0,427699.0
2024-09-25,Basilicata,27,10237,477.0,27.0,681755.0,131700.0
2024-09-25,Calabria,96,1886,828.0,93.0,2610975.0,454197.0
2024-09-25,Campania,895,10038,12391.0,878.0,12483913.0,1611866.0
2024-09-25,Emilia-Romagna,681,10685,3284.0,621.0,9383816.0,1120222.0
2024-09-25,Friuli-Venezia Giulia,334,656,1097.0,265.0,4013305.0,358548.0
2024-09-25,Lazio,1302,81614,10965.0,1272.0,18086697.0,1510597.0
2024-09-25,Liguria,199,74,1955.0,197.0,4493264.0,407009.0
2024-09-25,Lombardia,3102,4854,14802.0,2856.0,30357350.0,2814978.0
2024-09-25,Marche,14,40,190.0,14.0,1789412.0,513913.0
2024-09-25,Molise,41,144,232.0,22.0,303270.0,74688.0
2024-09-25,Piemonte,830,57371,6765.0,809.0,17650667.0,1293462.0
2024-09-25,Puglia,438,3693,4478.0,426.0,9906187.0,1186725.0
2024-09-25,Sardegna,86,13344,1065.0,86.0,3372407.0,350170.0
2024-09-25,Sicilia,59,1527,118.0,42.0,11470790.0,1293024.0
2024-09-25,Toscana,625,1306,6409.0,442.0,10336761.0,928087.0
2024-09-25,Trentino-Alto Adige,216,181,527.0,131.0,2223154.0,208833.0
2024-09-25,Umbria,277,1019,1527.0,261.0,3436103.0,300887.0
2024-09-25,Valle d'Aosta,15,15,170.0,15.0,464834.0,36178.0
2024-09-25,Veneto,1683,11327,7836.0,-1381.0,27340725.0,1695075.0
2024-09-18,Abruzzo,219,2598,1640.0,169.0,5086346.0,427552.0
2024-09-18,Basilicata,24,10223,477.0,24.0,681278.0,131673.0
2024-09-18,Calabria,92,1900,940.0,91.0,2610147.0,454104.0
2024-09-18,Campania,833,9775,13043.0,808.0,12471522.0,1610988.0
2024-09-18,Emilia-Romagna,647,10009,3369.0,592.0,9380532.0,1119601.0
2024-09-18,Friuli-Venezia Giulia,197,539,833.0,161.0,4012208.0,358283.0
2024-09-18,Lazio,996,80396,10755.0,980.0,18075732.0,1509325.0
2024-09-18,Liguria,159,44,1938.0,159.0,4491309.0,406812.0
2024-09-18,Lombardia,1951,3708,12995.0,1808.0,30342548.0,2812122.0
2024-09-18,Marche,22,39,184.0,22.0,1789222.0,513899.0
2024-09-18,Molise,23,99,253.0,15.0,303038.0,74666.0
2024-09-18,Piemonte,604,56873,6916.0,596.0,17643902.0,1292653.0
2024-09-18,Puglia,468,3436,4914.0,453.0,9901709.0,1186299.0
2024-09-18,Sardegna,207,13264,1202.0,207.0,3371342.0,350084.0
2024-09-18,Sicilia,55,1540,137.0,41.0,11470672.0,1292982.0
2024-09-18,Toscana,508,1426,6107.0,353.0,10330352.0,927645.0
2024-09-18,Trentino-Alto Adige,123,116,441.0,80.0,2222627.0,208702.0
2024-09-18,Umbria,175,908,1301.0,167.0,3434576.0,300626.0
2024-09-18,Valle d'Aosta,12,18,168.0,12.0,464664.0,36163.0
2024-09-18,Veneto,1175,10869,6360.0,300.0,27332889.0,1696456.0
2024-09-11,Abruzzo,245,2550,2100.0,188.0,5084706.0,427383.0
2024-09-11,Basilicata,33,10209,541.0,33.0,680801.0,131649.0
2024-09-11,Calabria,153,1930,1106.0,148.0,2609207.0,454013.0
2024-09-11,Campania,1120,9823,14214.0,1090.0,12458479.0,1610180.0
2024-09-11,Emilia-Romagna,662,9365,3858.0,602.0,9377163.0,1119009.0
2024-09-11,Friuli-Venezia Giulia,224,546,1053.0,187.0,4011375.0,358122.0
2024-09-11,Lazio,1216,79471,10566.0,1071.0,18064977.0,1508345.0
2024-09-11,Liguria,209,59,2133.0,207.0,4489371.0,406653.0
2024-09-11,Lombardia,1951,3709,13170.0,1787.0,30329553.0,2810314.0
2024-09-11,Marche,12,37,169.0,12.0,1789038.0,513877.0
2024-09-11,Molise,49,74,261.0,24.0,302785.0,74651.0
2024-09-11,Piemonte,608,56608,7147.0,594.0,17636986.0,1292057.0
2024-09-11,Puglia,751,4289,6085.0,735.0,9896795.0,1185846.0
2024-09-11,Sardegna,120,13062,1391.0,120.0,3370140.0,349877.0
2024-09-11,Sicilia,70,1539,156.0,56.0,11470535.0,1292941.0
2024-09-11,Toscana,626,1648,6207.0,402.0,10324245.0,927292.0
2024-09-11,Trentino-Alto Adige,111,114,422.0,66.0,2222186.0,208622.0
2024-09-11,Umbria,165,920,1238.0,148.0,3433275.0,300459.0
2024-09-11,Valle d'Aosta,7,19,159.0,7.0,464496.0,36151.0
2024-09-11,Veneto,1338,10863,6947.0,488.0,27326529.0,1696156.0
2024-09-04,Abruzzo,381,2537,2587.0,293.0,5082606.0,427195.0
2024-09-04,Basilicata,58,10187,631.0,58.0,680260.0,131616.0
2024-09-04,Calabria,246,1981,1351.0,232.0,2608101.0,453865.0
2024-09-04,Campania,1666,10428,13813.0,1639.0,12444265.0,1609090.0
2024-09-04,Emilia-Romagna,957,8710,4491.0,876.0,9373305.0,1118407.0
2024-09-04,Friuli-Venezia Giulia,275,585,1171.0,220.0,4010322.0,357935.0
2024-09-04,Lazio,1506,78350,9803.0,1269.0,18054411.0,1507274.0
2024-09-04,Liguria,301,98,2379.0,301.0,4487238.0,406446.0
2024-09-04,Lombardia,2395,4552,13717.0,2218.0,30316383.0,2808527.0
2024-09-04,Marche,45,45,341.0,46.0,1788869.0,513865.0
2024-09-04,Molise,53,173,285.0,25.0,302524.0,74627.0
2024-09-04,Piemonte,691,56360,7506.0,675.0,17629839.0,1291463.0
2024-09-04,Puglia,1187,5176,6960.0,1160.0,9890710.0,1185111.0
2024-09-04,Sardegna,204,12952,1551.0,204.0,3368749.0,349757.0
2024-09-04,Sicilia,124,1560,199.0,101.0,11470379.0,1292885.0
2024-09-04,Toscana,810,1776,4548.0,542.0,10318038.0,926890.0
2024-09-04,Trentino-Alto Adige,130,141,530.0,82.0,2221764.0,208556.0
2024-09-04,Umbria,197,978,1406.0,186.0,3432037.0,300311.0
2024-09-04,Valle d'Aosta,15,17,149.0,15.0,464337.0,36144.0
2024-09-04,Veneto,1635,11068,7617.0,572.0,27319582.0,1695668.0
2024-08-28,Abruzzo,445,2598,2685.0,351.0,5080019.0,426902.0
2024-08-28,Basilicata,87,10132,606.0,87.0,679629.0,131558.0
2024-08-28,Calabria,406,2021,1440.0,398.0,2606750.0,453633.0
2024-08-28,Campania,1982,10815,11406.0,1944.0,12430452.0,1607451.0
2024-08-28,Emilia-Romagna,1093,7761,4694.0,1003.0,9368814.0,1117531.0
2024-08-28,Friuli-Venezia Giulia,309,589,1129.0,259.0,4009151.0,357715.0
2024-08-28,Lazio,1934,76986,11266.0,1898.0,18044608.0,1506005.0
2024-08-28,Liguria,374,99,2396.0,372.0,4484859.0,406145.0
2024-08-28,Lombardia,2562,4491,16408.0,2367.0,30302666.0,2806309.0
2024-08-28,Marche,67,60,531.0,67.0,1788528.0,513819.0
2024-08-28,Molise,102,117,368.0,58.0,302239.0,74602.0
2024-08-28,Piemonte,756,56049,7625.0,748.0,17622333.0,1290788.0
2024-08-28,Puglia,1597,5635,7004.0,1543.0,9883750.0,1183951.0
2024-08-28,Sardegna,362,12765,1464.0,362.0,3367198.0,349553.0
2024-08-28,Sicilia,170,1552,515.0,106.0,11470180.0,1292784.0
2024-08-28,Toscana,892,1906,5560.0,598.0,10313490.0,926348.0
2024-08-28,Trentino-Alto Adige,173,174,544.0,116.0,2221234.0,208474.0
2024-08-28,Umbria,232,1031,1308.0,219.0,3430631.0,300125.0
2024-08-28,Valle d'Aosta,27,24,189.0,27.0,464188.0,36129.0
2024-08-28,Veneto,1651,11115,8855.0,607.0,27311965.0,1695096.0
2024-08-21,Abruzzo,516,2364,2192.0,341.0,5077334.0,426551.0
2024-08-21,Basilicata,44,10051,420.0,44.0,679023.0,131471.0
2024-08-21,Calabria,410,2033,1347.0,403.0,2605310.0,453235.0
2024-08-21,Campania,2050,10258,8129.0,1999.0,12419046.0,1605507.0
2024-08-21,Emilia-Romagna,982,6675,4346.0,898.0,9364120.0,1116528.0
2024-08-21,Friuli-Venezia Giulia,257,573,1056.0,203.0,4008022.0,357456.0
2024-08-21,Lazio,1585,75180,9172.0,1539.0,18033342.0,1504107.0
2024-08-21,Liguria,348,79,2154.0,356.0,4482463.0,405773.0
2024-08-21,Lombardia,1796,4221,10309.0,1636.0,30286258.0,2803942.0
2024-08-21,Marche,17,68,152.0,17.0,1787997.0,513752.0
2024-08-21,Molise,51,186,216.0,29.0,301871.0,74544.0
2024-08-21,Piemonte,611,55640,6647.0,588.0,17614708.0,1290040.0
2024-08-21,Puglia,1548,5994,5673.0,1519.0,9876746.0,1182408.0
2024-08-21,Sardegna,334,12439,1469.0,334.0,3365734.0,349191.0
2024-08-21,Sicilia,251,1561,220.0,210.0,11469665.0,1292678.0
2024-08-21,Toscana,1130,2025,4629.0,613.0,10307930.0,925750.0
2024-08-21,Trentino-Alto Adige,134,180,513.0,95.0,2220690.0,208358.0
2024-08-21,Umbria,244,1066,1073.0,231.0,3429323.0,299906.0
2024-08-21,Valle d'Aosta,21,21,147.0,21.0,463999.0,36102.0
2024-08-21,Veneto,1361,10990,4895.0,442.0,27303110.0,1694489.0
2024-08-14,Abruzzo,505,2044,2204.0,357.0,5075142.0,426210.0
2024-08-14,Basilicata,53,10018,447.0,53.0,678603.0,131427.0
2024-08-14,Calabria,455,2067,1440.0,446.0,2603963.0,452832.0
2024-08-14,Campania,2606,9814,12121.0,2557.0,12410917.0,1603508.0
2024-08-14,Emilia-Romagna,1035,5694,4466.0,966.0,9359774.0,1115630.0
2024-08-14,Friuli-Venezia Giulia,307,589,1174.0,247.0,4006966.0,357253.0
2024-08-14,Lazio,1925,73707,9310.0,1867.0,18024170.0,1502568.0
2024-08-14,Liguria,410,84,2544.0,415.0,4480309.0,405417.0
2024-08-14,Lombardia,2299,3920,13134.0,2117.0,30275949.0,2802306.0
2024-08-14,Marche,12,55,118.0,12.0,1787845.0,513735.0
2024-08-14,Molise,17,131,72.0,12.0,301655.0,74515.0
2024-08-14,Piemonte,680,55416,7357.0,664.0,17608061.0,1289452.0
2024-08-14,Puglia,1785,4985,6558.0,1753.0,9871073.0,1180889.0
2024-08-14,Sardegna,1027,12131,1466.0,1027.0,3364265.0,348857.0
2024-08-14,Sicilia,232,1480,225.0,207.0,11469445.0,1292468.0
2024-08-14,Toscana,1037,2023,5074.0,674.0,10303301.0,925137.0
2024-08-14,Trentino-Alto Adige,176,184,497.0,124.0,2220177.0,208263.0
2024-08-14,Umbria,288,1131,1297.0,269.0,3428250.0,299675.0
2024-08-14,Valle d'Aosta,17,18,132.0,15.0,463852.0,36081.0
2024-08-14,Veneto,1433,10894,6629.0,528.0,27298215.0,1694047.0
2024-08-07,Abruzzo,476,1650,2080.0,288.0,5072938.0,425853.0
2024-08-07,Basilicata,43,9970,456.0,43.0,678156.0,131374.0
2024-08-07,Calabria,489,2048,1464.0,465.0,2602523.0,452386.0
2024-08-07,Campania,3155,9510,14432.0,3096.0,12398796.0,1600951.0
2024-08-07,Emilia-Romagna,1156,4670,4656.0,1086.0,9355308.0,1114664.0
2024-08-07,Friuli-Venezia Giulia,222,501,945.0,163.0,4005792.0,357006.0
2024-08-07,Lazio,2332,71920,10159.0,2124.0,18014860.0,1500701.0
2024-08-07,Liguria,421,86,12024.0,1375.0,4477765.0,405002.0
2024-08-07,Lombardia,2780,3630,18781.0,2565.0,30262815.0,2800189.0
2024-08-07,Marche,7,49,144.0,7.0,1787727.0,513723.0
2024-08-07,Molise,51,108,257.0,29.0,301583.0,74503.0
2024-08-07,Piemonte,835,55054,9199.0,814.0,17600704.0,1288788.0
2024-08-07,Puglia,1821,3880,7038.0,1807.0,9864515.0,1179136.0
2024-08-07,Sardegna,367,11128,1615.0,367.0,3362799.0,347830.0
2024-08-07,Sicilia,163,1397,171.0,125.0,11469220.0,1292261.0
2024-08-07,Toscana,998,1860,5496.0,664.0,10298227.0,924463.0
2024-08-07,Trentino-Alto Adige,155,153,518.0,106.0,2219680.0,208139.0
2024-08-07,Umbria,343,1070,1331.0,304.0,3426953.0,299406.0
2024-08-07,Valle d'Aosta,14,11,159.0,14.0,463720.0,36066.0
2024-08-07,Veneto,1553,10937,6965.0,553.0,27291586.0,1693519.0
2024-07-31,Abruzzo,325,1404,1902.0,214.0,5070858.0,425565.0
2024-07-31,Basilicata,22,9933,385.0,22.0,677700.0,131331.0
2024-07-31,Calabria,411,1995,1383.0,404.0,2601059.0,451921.0
2024-07-31,Campania,3071,9468,15500.0,2990.0,12384364.0,1597855.0
2024-07-31,Emilia-Romagna,1086,3519,4375.0,1023.0,9350652.0,1113578.0
2024-07-31,Friuli-Venezia Giulia,209,476,965.0,153.0,4004847.0,356843.0
2024-07-31,Lazio,2450,69714,13895.0,2642.0,18004701.0,1498577.0
2024-07-31,Liguria,461,85,2566.0,475.0,4465741.0,403627.0
2024-07-31,Lombardia,2957,3615,15051.0,2777.0,30244034.0,2797624.0
2024-07-31,Marche,11,32,177.0,11.0,1787583.0,513716.0
2024-07-31,Molise,12,55,82.0,3.0,301326.0,74474.0
2024-07-31,Piemonte,1157,54680,12164.0,1124.0,17591505.0,1287974.0
2024-07-31,Puglia,1562,2750,6825.0,1526.0,9857477.0,1177329.0
2024-07-31,Sardegna,365,10773,1853.0,365.0,3361184.0,347463.0
2024-07-31,Sicilia,103,1270,56.0,57.0,11469049.0,1292136.0
2024-07-31,Toscana,992,1537,6241.0,672.0,10292731.0,923799.0
2024-07-31,Trentino-Alto Adige,128,154,454.0,85.0,2219162.0,208033.0
2024-07-31,Umbria,252,943,1239.0,221.0,3425622.0,299102.0
2024-07-31,Valle d'Aosta,28,13,185.0,28.0,463561.0,36052.0
2024-07-31,Veneto,1406,10772,6862.0,526.0,27284621.0,1692966.0
2024-07-24,Abruzzo,257,1240,1451.0,189.0,5068956.0,425351.0
2024-07-24,Basilicata,17,9912,364.0,17.0,677315.0,131309.0
2024-07-24,Calabria,234,1922,1118.0,230.0,2599676.0,451517.0
2024-07-24,Campania,2492,8248,14482.0,2439.0,12368864.0,1594865.0
2024-07-24,Emilia-Romagna,785,2437,3776.0,723.0,9346277.0,1112555.0
2024-07-24,Friuli-Venezia Giulia,217,450,918.0,158.0,4003882.0,356690.0
2024-07-24,Lazio,2178,67396,16493.0,1801.0,17990806.0,1495935.0
2024-07-24,Liguria,405,87,2546.0,409.0,4463175.0,403152.0
2024-07-24,Lombardia,2453,2868,13465.0,2300.0,30228983.0,2794847.0
2024-07-24,Marche,32,32,231.0,32.0,1787406.0,513705.0
2024-07-24,Molise,21,43,192.0,7.0,301244.0,74471.0
2024-07-24,Piemonte,533,54101,10374.0,513.0,17579341.0,1286850.0
2024-07-24,Puglia,1101,1784,5721.0,1075.0,9850652.0,1175803.0
2024-07-24,Sardegna,458,10408,1835.0,458.0,3359331.0,347098.0
2024-07-24,Sicilia,134,1252,88.0,86.0,11468993.0,1292079.0
2024-07-24,Toscana,849,1235,6140.0,558.0,10286490.0,923127.0
2024-07-24,Trentino-Alto Adige,139,141,453.0,98.0,2218708.0,207948.0
2024-07-24,Umbria,201,813,1208.0,180.0,3424383.0,298881.0
2024-07-24,Valle d'Aosta,14,10,175.0,14.0,463376.0,36024.0
2024-07-24,Veneto,1152,10596,7286.0,365.0,27277759.0,1692440.0
2024-07-17,Abruzzo,153,1067,1031.0,107.0,5067505.0,425162.0
2024-07-17,Basilicata,13,9899,297.0,13.0,676951.0,131292.0
2024-07-17,Calabria,146,1880,915.0,144.0,2598558.0,451287.0
2024-07-17,Campania,1483,6543,11360.0,1435.0,12354382.0,1592426.0
2024-07-17,Emilia-Romagna,475,1654,2936.0,442.0,9342501.0,1111832.0
2024-07-17,Friuli-Venezia Giulia,101,378,681.0,66.0,4002964.0,356532.0
2024-07-17,Lazio,1627,65381,11605.0,1580.0,17974313.0,1494134.0
2024-07-17,Liguria,367,70,2229.0,376.0,4460629.0,402743.0
2024-07-17,Lombardia,1761,2052,12265.0,1642.0,30215518.0,2792547.0
2024-07-17,Marche,6,10,100.0,6.0,1787175.0,513673.0
2024-07-17,Molise,6,22,90.0,0.0,301052.0,74464.0
2024-07-17,Piemonte,519,53761,9513.0,511.0,17568967.0,1286337.0
2024-07-17,Puglia,517,952,4661.0,505.0,9844931.0,1174728.0
2024-07-17,Sardegna,132,9951,1432.0,132.0,3357496.0,346640.0
2024-07-17,Sicilia,128,1237,150.0,86.0,11468905.0,1291993.0
2024-07-17,Toscana,613,952,6052.0,392.0,10280350.0,922569.0
2024-07-17,Trentino-Alto Adige,77,83,388.0,54.0,2218255.0,207850.0
2024-07-17,Umbria,121,704,1009.0,104.0,3423175.0,298701.0
2024-07-17,Valle d'Aosta,7,7,157.0,7.0,463201.0,36010.0
2024-07-17,Veneto,690,10311,4719.0,206.0,27270473.0,1692075.0
2024-07-10,Abruzzo,72,949,762.0,35.0,5066474.0,425055.0
2024-07-10,Basilicata,6,9889,313.0,6.0,676654.0,131279.0
2024-07-10,Calabria,79,2174,1204.0,75.0,2597643.0,451143.0
2024-07-10,Campania,896,5532,11767.0,862.0,12343022.0,1590991.0
2024-07-10,Emilia-Romagna,232,1182,2661.0,203.0,9339565.0,1111390.0
2024-07-10,Friuli-Venezia Giulia,83,365,633.0,68.0,4002283.0,356466.0
2024-07-10,Lazio,1007,63943,9908.0,981.0,17962708.0,1492554.0
2024-07-10,Liguria,212,50,1979.0,217.0,4458400.0,402367.0
2024-07-10,Lombardia,1080,1388,11994.0,945.0,30203253.0,2790905.0
2024-07-10,Marche,7,11,127.0,7.0,1787075.0,513667.0
2024-07-10,Molise,7,16,123.0,3.0,300962.0,74464.0
2024-07-10,Piemonte,357,53492,9711.0,342.0,17559454.0,1285826.0
2024-07-10,Puglia,294,632,4539.0,282.0,9840270.0,1174223.0
2024-07-10,Sardegna,99,9820,1327.0,99.0,3356064.0,346508.0
2024-07-10,Sicilia,75,1167,97.0,59.0,11468755.0,1291907.0
2024-07-10,Toscana,362,562,5565.0,225.0,10274298.0,922177.0
2024-07-10,Trentino-Alto Adige,58,51,280.0,43.0,2217867.0,207796.0
2024-07-10,Umbria,67,616,902.0,66.0,3422166.0,298597.0
2024-07-10,Valle d'Aosta,4,8,158.0,4.0,463044.0,36003.0
2024-07-10,Veneto,506,10173,4624.0,145.0,27265754.0,1691869.0
2024-07-03,Abruzzo,34,903,760.0,26.0,5065712.0,425020.0
2024-07-03,Basilicata,4,9884,296.0,4.0,676341.0,131273.0
2024-07-03,Calabria,51,2829,1297.0,47.0,2596439.0,451068.0
2024-07-03,Campania,510,4889,11900.0,489.0,12331255.0,1590129.0
2024-07-03,Emilia-Romagna,218,951,3169.0,196.0,9336904.0,1111187.0
2024-07-03,Friuli-Venezia Giulia,62,331,597.0,36.0,4001650.0,356398.0
2024-07-03,Lazio,813,63070,10097.0,736.0,17952800.0,1491573.0
2024-07-03,Liguria,126,33,1836.0,118.0,4456421.0,402150.0
2024-07-03,Lombardia,751,1093,12090.0,672.0,30191259.0,2789960.0
2024-07-03,Marche,3,10,113.0,3.0,1786948.0,513660.0
2024-07-03,Molise,4,9,362.0,2.0,300839.0,74461.0
2024-07-03,Piemonte,316,53338,10821.0,296.0,17549743.0,1285484.0
2024-07-03,Puglia,178,431,5330.0,165.0,9835731.0,1173941.0
2024-07-03,Sardegna,73,9734,1247.0,73.0,3354737.0,346409.0
2024-07-03,Sicilia,97,1143,99.0,60.0,11468658.0,1291848.0
2024-07-03,Toscana,245,497,6228.0,138.0,10268733.0,921952.0
2024-07-03,Trentino-Alto Adige,32,23,254.0,14.0,2217587.0,207753.0
2024-07-03,Umbria,38,580,879.0,36.0,3421264.0,298531.0
2024-07-03,Valle d'Aosta,3,6,160.0,3.0,462886.0,35999.0
2024-07-03,Veneto,297,9987,5940.0,92.0,27261130.0,1691724.0
2024-06-26,Abruzzo,28,887,848.0,19.0,5064952.0,424994.0
2024-06-26,Basilicata,1,9881,303.0,1.0,676045.0,131269.0
2024-06-26,Calabria,36,3474,1263.0,30.0,2595142.0,451021.0
2024-06-26,Campania,280,4601,12214.0,263.0,12319355.0,1589640.0
2024-06-26,Emilia-Romagna,111,734,2353.0,83.0,9333735.0,1110991.0
2024-06-26,Friuli-Venezia Giulia,38,316,578.0,26.0,4001053.0,356362.0
2024-06-26,Lazio,576,62418,9104.0,559.0,17942703.0,1490837.0
2024-06-26,Liguria,92,20,1743.0,92.0,4454585.0,402032.0
2024-06-26,Lombardia,533,827,12072.0,465.0,30179169.0,2789288.0
2024-06-26,Marche,11,5,137.0,11.0,1786835.0,513657.0
2024-06-26,Molise,2,7,110.0,0.0,300477.0,74459.0
2024-06-26,Piemonte,193,53216,11650.0,182.0,17538922.0,1285188.0
2024-06-26,Puglia,143,307,5847.0,134.0,9830401.0,1173776.0
2024-06-26,Sardegna,72,9666,2645.0,72.0,3353490.0,346336.0
2024-06-26,Sicilia,74,1068,89.0,58.0,11468559.0,1291788.0
2024-06-26,Toscana,0,463,4053.0,105.0,10262505.0,921814.0
2024-06-26,Trentino-Alto Adige,18,24,197.0,10.0,2217333.0,207739.0
2024-06-26,Umbria,33,568,900.0,24.0,3420385.0,298495.0
2024-06-26,Valle d'Aosta,3,11,188.0,5.0,462726.0,35996.0
2024-06-26,Veneto,260,9940,4835.0,83.0,27255190.0,1691632.0
2024-06-19,Abruzzo,21,874,899.0,14.0,5064104.0,424975.0
2024-06-19,Basilicata,6,9883,326.0,6.0,675742.0,131268.0
2024-06-19,Calabria,26,3452,1311.0,22.0,2593879.0,450991.0
2024-06-19,Campania,245,4947,12312.0,232.0,12307141.0,1589377.0
2024-06-19,Emilia-Romagna,98,639,2595.0,90.0,9331382.0,1110908.0
2024-06-19,Friuli-Venezia Giulia,40,316,570.0,25.0,4000475.0,356336.0
2024-06-19,Lazio,471,62030,8653.0,462.0,17933599.0,1490278.0
2024-06-19,Liguria,71,24,1749.0,69.0,4452842.0,401940.0
2024-06-19,Lombardia,433,718,12352.0,381.0,30167097.0,2788823.0
2024-06-19,Marche,9,4,126.0,9.0,1786698.0,513646.0
2024-06-19,Molise,2,5,187.0,0.0,300367.0,74459.0
2024-06-19,Piemonte,129,53218,10472.0,121.0,17527272.0,1285006.0
2024-06-19,Puglia,105,225,5841.0,101.0,9824554.0,1173642.0
2024-06-19,Sardegna,0,9608,0.0,0.0,3350845.0,346264.0
2024-06-19,Sicilia,16,1002,74.0,4.0,11468470.0,1291730.0
2024-06-19,Toscana,186,378,5688.0,98.0,10258452.0,921709.0
2024-06-19,Trentino-Alto Adige,20,23,213.0,15.0,2217136.0,207729.0
2024-06-19,Umbria,17,548,901.0,17.0,3419485.0,298471.0
2024-06-19,Valle d'Aosta,3,9,201.0,7.0,462538.0,35991.0
2024-06-19,Veneto,187,9890,4609.0,49.0,27250355.0,1691549.0
2024-06-12,Abruzzo,16,862,849.0,14.0,5063205.0,424961.0
2024-06-12,Basilicata,2,9879,363.0,2.0,675416.0,131262.0
2024-06-12,Calabria,19,3434,1338.0,17.0,2592568.0,450969.0
2024-06-12,Campania,173,4095,12927.0,159.0,12294829.0,1589145.0
2024-06-12,Emilia-Romagna,92,542,3094.0,78.0,9328787.0,1110818.0
2024-06-12,Friuli-Venezia Giulia,24,301,571.0,14.0,3999905.0,356311.0
2024-06-12,Lazio,339,61690,10674.0,319.0,17924946.0,1489816.0
2024-06-12,Liguria,66,18,1753.0,62.0,4451093.0,401871.0
2024-06-12,Lombardia,411,582,16737.0,336.0,30154745.0,2788442.0
2024-06-12,Marche,0,3,35.0,0.0,1786572.0,513637.0
2024-06-12,Molise,3,3,220.0,2.0,300180.0,74459.0
2024-06-12,Piemonte,193,53264,19774.0,182.0,17516800.0,1284885.0
2024-06-12,Puglia,70,192,6103.0,64.0,9818713.0,1173541.0
2024-06-12,Sardegna,32,9608,1227.0,32.0,3350845.0,346264.0
2024-06-12,Sicilia,32,990,72.0,14.0,11468396.0,1291726.0
2024-06-12,Toscana,144,336,5733.0,68.0,10252764.0,921611.0
2024-06-12,Trentino-Alto Adige,19,21,228.0,14.0,2216923.0,207714.0
2024-06-12,Umbria,13,543,890.0,12.0,3418584.0,298454.0
2024-06-12,Valle d'Aosta,5,11,214.0,3.0,462337.0,35984.0
2024-06-12,Veneto,149,9853,4869.0,40.0,27245746.0,1691500.0
2024-06-05,Abruzzo,8,854,900.0,5.0,5062356.0,424947.0
2024-06-05,Basilicata,4,9877,315.0,4.0,675053.0,131260.0
2024-06-05,Calabria,14,3421,1427.0,12.0,2591230.0,450952.0
2024-06-05,Campania,121,4795,12788.0,113.0,12281902.0,1588986.0
2024-06-05,Emilia-Romagna,72,449,2681.0,64.0,9325693.0,1110740.0
2024-06-05,Friuli-Venezia Giulia,21,300,595.0,15.0,3999334.0,356297.0
2024-06-05,Lazio,260,61449,8331.0,240.0,17914272.0,1489497.0
2024-06-05,Liguria,50,12,1661.0,47.0,4449340.0,401809.0
2024-06-05,Lombardia,351,560,12229.0,298.0,30138008.0,2788106.0
2024-06-05,Marche,0,3,35.0,0.0,1786537.0,513637.0
2024-06-05,Molise,0,0,215.0,0.0,299960.0,74457.0
2024-06-05,Piemonte,31,53335,2940.0,30.0,17497026.0,1284703.0
2024-06-05,Puglia,73,181,6221.0,64.0,9812610.0,1173477.0
2024-06-05,Sardegna,19,9580,1301.0,19.0,3349618.0,346232.0
2024-06-05,Sicilia,21,966,73.0,11.0,11468324.0,1291712.0
2024-06-05,Toscana,118,272,5667.0,59.0,10247031.0,921543.0
2024-06-05,Trentino-Alto Adige,8,14,206.0,7.0,2216695.0,207700.0
2024-06-05,Umbria,15,541,947.0,11.0,3417694.0,298442.0
2024-06-05,Valle d'Aosta,3,8,196.0,3.0,462123.0,35981.0
2024-06-05,Veneto,140,9841,6761.0,47.0,27240877.0,1691460.0
2024-05-29,Abruzzo,7,849,938.0,5.0,5061456.0,424942.0
2024-05-29,Basilicata,1,9874,313.0,1.0,674738.0,131256.0
2024-05-29,Calabria,5,3410,1555.0,2.0,2589803.0,450940.0
2024-05-29,Campania,70,4751,13007.0,67.0,12269114.0,1588873.0
2024-05-29,Emilia-Romagna,57,377,3212.0,50.0,9323012.0,1110676.0
2024-05-29,Friuli-Venezia Giulia,21,293,585.0,12.0,3998739.0,356282.0
2024-05-29,Lazio,214,61263,8526.0,202.0,17905941.0,1489257.0
2024-05-29,Liguria,33,10,1664.0,32.0,4447679.0,401762.0
2024-05-29,Lombardia,238,471,12158.0,198.0,30125779.0,2787808.0
2024-05-29,Marche,4,7,135.0,4.0,1786502.0,513637.0
2024-05-29,Molise,0,1,298.0,0.0,299745.0,74457.0
2024-05-29,Piemonte,83,53372,11179.0,79.0,17494086.0,1284673.0
2024-05-29,Puglia,69,142,6637.0,67.0,9806389.0,1173413.0
2024-05-29,Sardegna,11,9564,1379.0,11.0,3348317.0,346213.0
2024-05-29,Sicilia,10,953,74.0,4.0,11468251.0,1291701.0
2024-05-29,Toscana,87,236,5801.0,34.0,10241364.0,921484.0
2024-05-29,Trentino-Alto Adige,10,10,190.0,6.0,2216489.0,207693.0
2024-05-29,Umbria,7,533,923.0,7.0,3416747.0,298431.0
2024-05-29,Valle d'Aosta,1,5,250.0,1.0,461927.0,35978.0
2024-05-29,Veneto,118,9819,6918.0,36.0,27234116.0,1691413.0
2024-05-22,Abruzzo,6,844,926.0,5.0,5060518.0,424937.0
2024-05-22,Basilicata,0,9874,364.0,0.0,674425.0,131255.0
2024-05-22,Calabria,9,3409,1026.0,8.0,2588248.0,450938.0
2024-05-22,Campania,56,4714,13437.0,53.0,12256107.0,1588806.0
2024-05-22,Emilia-Romagna,42,322,3650.0,38.0,9319800.0,1110626.0
2024-05-22,Friuli-Venezia Giulia,18,286,587.0,7.0,3998154.0,356270.0
2024-05-22,Lazio,203,61125,11266.0,187.0,17897415.0,1489055.0
2024-05-22,Liguria,10,6,1617.0,10.0,4446015.0,401730.0
2024-05-22,Lombardia,208,384,11617.0,173.0,30113621.0,2787610.0
2024-05-22,Marche,0,3,78.0,0.0,1786367.0,513633.0
2024-05-22,Molise,0,1,189.0,0.0,299447.0,74457.0
2024-05-22,Piemonte,69,53412,11003.0,68.0,17482907.0,1284594.0
2024-05-22,Puglia,44,146,6756.0,41.0,9799752.0,1173346.0
2024-05-22,Sardegna,15,9556,1491.0,15.0,3346938.0,346202.0
2024-05-22,Sicilia,21,952,62.0,5.0,11468177.0,1291697.0
2024-05-22,Toscana,63,220,6089.0,32.0,10235563.0,921450.0
2024-05-22,Trentino-Alto Adige,7,8,216.0,3.0,2216299.0,207687.0
2024-05-22,Umbria,11,535,996.0,8.0,3415824.0,298424.0
2024-05-22,Valle d'Aosta,0,5,211.0,0.0,461677.0,35977.0
2024-05-22,Veneto,80,9801,5346.0,27.0,27227198.0,1691377.0
2024-05-15,Abruzzo,3,839,1020.0,3.0,5059592.0,424932.0
2024-05-15,Basilicata,2,9875,337.0,2.0,674061.0,131255.0
2024-05-15,Calabria,6,3402,1227.0,5.0,2587222.0,450930.0
2024-05-15,Campania,63,4690,13282.0,59.0,12242670.0,1588753.0
2024-05-15,Emilia-Romagna,50,280,3877.0,36.0,9316150.0,1110588.0
2024-05-15,Friuli-Venezia Giulia,13,285,630.0,4.0,3997567.0,356263.0
2024-05-15,Lazio,118,60962,9258.0,117.0,17886149.0,1488868.0
2024-05-15,Liguria,14,8,1722.0,12.0,4444398.0,401720.0
2024-05-15,Lombardia,324,378,18701.0,285.0,30102004.0,2787437.0
2024-05-15,Marche,0,4,460.0,0.0,1786289.0,513633.0
2024-05-15,Molise,1,1,318.0,1.0,299258.0,74457.0
2024-05-15,Piemonte,71,53502,11143.0,62.0,17471904.0,1284526.0
2024-05-15,Puglia,43,121,7173.0,40.0,9792996.0,1173305.0
2024-05-15,Sardegna,11,9544,1470.0,11.0,3345447.0,346187.0
2024-05-15,Sicilia,18,941,66.0,7.0,11468115.0,1291692.0
2024-05-15,Toscana,66,224,6773.0,24.0,10229474.0,921418.0
2024-05-15,Trentino-Alto Adige,13,10,195.0,6.0,2216083.0,207684.0
2024-05-15,Umbria,12,535,989.0,8.0,3414828.0,298416.0
2024-05-15,Valle d'Aosta,0,7,203.0,1.0,461466.0,35977.0
2024-05-15,Veneto,95,9783,6065.0,28.0,27221852.0,1691350.0
2024-05-08,Abruzzo,2,836,903.0,1.0,5058572.0,424929.0
2024-05-08,Basilicata,1,9873,357.0,1.0,673724.0,131253.0
2024-05-08,Calabria,7,3398,1376.0,7.0,2585995.0,450925.0
2024-05-08,Campania,49,4649,12518.0,42.0,12229388.0,1588694.0
2024-05-08,Emilia-Romagna,39,231,4261.0,31.0,9312273.0,1110552.0
2024-05-08,Friuli-Venezia Giulia,7,279,637.0,4.0,3996937.0,356259.0
2024-05-08,Lazio,90,60889,8563.0,85.0,17876891.0,1488751.0
2024-05-08,Liguria,9,10,1572.0,10.0,4442676.0,401708.0
2024-05-08,Lombardia,211,290,11279.0,162.0,30083303.0,2787152.0
2024-05-08,Marche,4,4,107.0,3.0,1785829.0,513633.0
2024-05-08,Molise,0,2,77.0,0.0,298940.0,74456.0
2024-05-08,Piemonte,35,53568,10052.0,30.0,17460761.0,1284464.0
2024-05-08,Puglia,41,115,6712.0,40.0,9785823.0,1173265.0
2024-05-08,Sardegna,7,9533,1187.0,7.0,3343977.0,346176.0
2024-05-08,Sicilia,9,927,57.0,4.0,11468049.0,1291685.0
2024-05-08,Toscana,51,194,6049.0,18.0,10222701.0,921394.0
2024-05-08,Trentino-Alto Adige,5,5,196.0,1.0,2215888.0,207678.0
2024-05-08,Umbria,8,531,888.0,4.0,3413839.0,298408.0
2024-05-08,Valle d'Aosta,2,6,208.0,2.0,461263.0,35976.0
2024-05-08,Veneto,50,9755,6109.0,15.0,27215787.0,1691322.0
2024-05-01,Abruzzo,8,840,754.0,7.0,5057669.0,424928.0
2024-05-01,Basilicata,0,9874,342.0,0.0,673367.0,131252.0
2024-05-01,Calabria,0,3428,1205.0,0.0,2584619.0,450918.0
2024-05-01,Campania,36,4619,9958.0,35.0,12216870.0,1588652.0
2024-05-01,Emilia-Romagna,32,192,4604.0,29.0,9308012.0,1110521.0
2024-05-01,Friuli-Venezia Giulia,7,279,578.0,3.0,3996300.0,356255.0
2024-05-01,Lazio,100,60837,8142.0,100.0,17868328.0,1488666.0
2024-05-01,Liguria,11,5,1451.0,12.0,4441104.0,401698.0
2024-05-01,Lombardia,174,283,11060.0,132.0,30072024.0,2786990.0
2024-05-01,Marche,0,1,0.0,0.0,1785722.0,513630.0
2024-05-01,Molise,0,2,226.0,1.0,298863.0,74456.0
2024-05-01,Piemonte,37,53659,9067.0,24.0,17450709.0,1284434.0
2024-05-01,Puglia,37,98,6041.0,37.0,9779111.0,1173225.0
2024-05-01,Sardegna,7,9526,1001.0,7.0,3342790.0,346169.0
2024-05-01,Sicilia,16,924,62.0,7.0,11467992.0,1291681.0
2024-05-01,Toscana,47,194,5416.0,18.0,10216652.0,921376.0
2024-05-01,Trentino-Alto Adige,5,3,203.0,1.0,2215692.0,207677.0
2024-05-01,Umbria,6,527,849.0,4.0,3412951.0,298404.0
2024-05-01,Valle d'Aosta,0,4,161.0,0.0,461055.0,35974.0
2024-05-01,Veneto,95,9795,4965.0,31.0,27209678.0,1691307.0
2024-04-24,Abruzzo,2,832,1018.0,1.0,5056915.0,424921.0
2024-04-24,Basilicata,1,9875,414.0,1.0,673025.0,131252.0
2024-04-24,Calabria,0,3430,1632.0,0.0,2583414.0,450918.0
2024-04-24,Campania,44,4608,14598.0,41.0,12206912.0,1588617.0
2024-04-24,Emilia-Romagna,39,161,5360.0,35.0,9303408.0,1110492.0
2024-04-24,Friuli-Venezia Giulia,7,283,694.0,4.0,3995722.0,356252.0
2024-04-24,Lazio,72,60770,9594.0,69.0,17860186.0,1488566.0
2024-04-24,Liguria,20,9,1732.0,17.0,4439653.0,401686.0
2024-04-24,Lombardia,125,283,12532.0,89.0,30060964.0,2786858.0
2024-04-24,Marche,7,4,246.0,6.0,1785722.0,513630.0
2024-04-24,Molise,0,0,223.0,0.0,298637.0,74455.0
2024-04-24,Piemonte,46,53776,10659.0,41.0,17441642.0,1284410.0
2024-04-24,Puglia,48,74,7616.0,44.0,9773070.0,1173188.0
2024-04-24,Sardegna,5,9520,1422.0,5.0,3341789.0,346162.0
2024-04-24,Sicilia,7,910,67.0,0.0,11467930.0,1291674.0
2024-04-24,Toscana,44,164,6469.0,13.0,10211236.0,921358.0
2024-04-24,Trentino-Alto Adige,1,3,248.0,0.0,2215489.0,207676.0
2024-04-24,Umbria,4,526,1035.0,3.0,3412102.0,298400.0
2024-04-24,Valle d'Aosta,1,4,197.0,1.0,460894.0,35974.0
2024-04-24,Veneto,55,9762,12362.0,10.0,27204713.0,1691276.0
2024-04-17,Abruzzo,3,844,1176.0,1.0,5055897.0,424920.0
2024-04-17,Basilicata,1,9874,411.0,1.0,672611.0,131251.0
2024-04-17,Calabria,4,3431,1629.0,3.0,2581782.0,450918.0
2024-04-17,Campania,21,5168,14973.0,19.0,12192314.0,1588576.0
2024-04-17,Emilia-Romagna,28,208,5796.0,23.0,9298048.0,1110457.0
2024-04-17,Friuli-Venezia Giulia,7,282,798.0,5.0,3995028.0,356248.0
2024-04-17,Lazio,62,60727,10767.0,57.0,17850592.0,1488497.0
2024-04-17,Liguria,9,3,1893.0,9.0,4437921.0,401669.0
2024-04-17,Lombardia,153,263,14846.0,105.0,30048432.0,2786769.0
2024-04-17,Marche,17,4,592.0,17.0,1785476.0,513624.0
2024-04-17,Molise,1,4,276.0,1.0,298414.0,74455.0
2024-04-17,Piemonte,59,53855,11911.0,47.0,17430983.0,1284369.0
2024-04-17,Puglia,26,55,8458.0,31.0,9765454.0,1173144.0
2024-04-17,Sardegna,4,9518,1451.0,4.0,3340367.0,346157.0
2024-04-17,Sicilia,22,916,85.0,13.0,11467863.0,1291674.0
2024-04-17,Toscana,39,171,6835.0,13.0,10204767.0,921345.0
2024-04-17,Trentino-Alto Adige,6,6,283.0,5.0,2215241.0,207676.0
2024-04-17,Umbria,4,532,1081.0,1.0,3411067.0,298397.0
2024-04-17,Valle d'Aosta,2,3,227.0,2.0,460697.0,35973.0
2024-04-17,Veneto,70,9736,9087.0,6.0,27192351.0,1691266.0
2024-04-10,Abruzzo,1,952,1175.0,1.0,5054721.0,424919.0
2024-04-10,Basilicata,1,9873,415.0,1.0,672200.0,131250.0
2024-04-10,Calabria,4,3429,1587.0,4.0,2580153.0,450915.0
2024-04-10,Campania,47,7110,14070.0,44.0,12177341.0,1588557.0
2024-04-10,Emilia-Romagna,51,180,6130.0,36.0,9292252.0,1110434.0
2024-04-10,Friuli-Venezia Giulia,9,281,985.0,4.0,3994230.0,356243.0
2024-04-10,Lazio,59,60686,10333.0,53.0,17839825.0,1488440.0
2024-04-10,Liguria,12,4,1870.0,295.0,4436028.0,401660.0
2024-04-10,Lombardia,211,283,21074.0,161.0,30033586.0,2786664.0
2024-04-10,Marche,8,3,459.0,8.0,1784884.0,513607.0
2024-04-10,Molise,1,3,253.0,0.0,298138.0,74454.0
2024-04-10,Piemonte,49,53954,12236.0,47.0,17419072.0,1284322.0
2024-04-10,Puglia,32,90,8722.0,30.0,9756996.0,1173113.0
2024-04-10,Sardegna,7,9514,1509.0,7.0,3338916.0,346153.0
2024-04-10,Sicilia,14,896,81.0,1.0,11467778.0,1291661.0
2024-04-10,Toscana,40,160,7272.0,12.0,10197932.0,921332.0
2024-04-10,Trentino-Alto Adige,11,12,301.0,7.0,2214958.0,207671.0
2024-04-10,Umbria,10,537,1166.0,7.0,3409986.0,298396.0
2024-04-10,Valle d'Aosta,0,4,206.0,0.0,460470.0,35971.0
2024-04-10,Veneto,79,9750,12805.0,39.0,27183264.0,1691260.0
2024-04-03,Abruzzo,2,8443,881.0,2.0,5053546.0,424918.0
2024-04-03,Basilicata,0,9874,266.0,0.0,671785.0,131249.0
2024-04-03,Calabria,3,3431,1332.0,2.0,2578566.0,450911.0
2024-04-03,Campania,34,7349,10641.0,33.0,12163271.0,1588513.0
2024-04-03,Emilia-Romagna,39,158,5309.0,28.0,9286122.0,1110398.0
2024-04-03,Friuli-Venezia Giulia,9,278,795.0,5.0,3993245.0,356239.0
2024-04-03,Lazio,57,60652,8914.0,51.0,17829492.0,1488387.0
2024-04-03,Liguria,10,2,2275.0,9.0,4434158.0,401365.0
2024-04-03,Lombardia,117,244,13454.0,89.0,30012512.0,2786503.0
2024-04-03,Marche,10,4,473.0,10.0,1784425.0,513599.0
2024-04-03,Molise,1,2,180.0,1.0,297885.0,74454.0
2024-04-03,Piemonte,27,54055,9637.0,22.0,17406836.0,1284275.0
2024-04-03,Puglia,27,92,6316.0,24.0,9748274.0,1173083.0
2024-04-03,Sardegna,7,9509,1165.0,7.0,3337407.0,346146.0
2024-04-03,Sicilia,6,986,52.0,2.0,11467697.0,1291660.0
2024-04-03,Toscana,45,181,5527.0,7.0,10190660.0,921320.0
2024-04-03,Trentino-Alto Adige,13,6,262.0,9.0,2214657.0,207664.0
2024-04-03,Umbria,11,532,981.0,7.0,3408820.0,298389.0
2024-04-03,Valle d'Aosta,2,7,168.0,2.0,460264.0,35971.0
2024-04-03,Veneto,85,9738,12226.0,31.0,27170459.0,1691221.0
2024-03-27,Abruzzo,12,8441,1252.0,9.0,5052665.0,424916.0
2024-03-27,Basilicata,0,9874,417.0,0.0,671519.0,131249.0
2024-03-27,Calabria,3,3449,1663.0,2.0,2577234.0,450909.0
2024-03-27,Campania,55,10522,15723.0,50.0,12152630.0,1588480.0
2024-03-27,Emilia-Romagna,43,183,6026.0,26.0,9280813.0,1110370.0
2024-03-27,Friuli-Venezia Giulia,4,278,993.0,2.0,3992450.0,356234.0
2024-03-27,Lazio,68,60624,11185.0,63.0,17820578.0,1488336.0
2024-03-27,Liguria,5,2,1745.0,5.0,4431883.0,401356.0
2024-03-27,Lombardia,145,279,17911.0,106.0,29999058.0,2786414.0
2024-03-27,Marche,12,4,537.0,12.0,1783952.0,513589.0
2024-03-27,Molise,0,1,208.0,0.0,297705.0,74453.0
2024-03-27,Piemonte,38,54180,11993.0,35.0,17397199.0,1284253.0
2024-03-27,Puglia,47,186,8485.0,46.0,9741958.0,1173059.0
2024-03-27,Sardegna,5,9503,1599.0,5.0,3336242.0,346139.0
2024-03-27,Sicilia,16,992,95.0,4.0,11467645.0,1291658.0
2024-03-27,Toscana,36,185,7235.0,10.0,10185133.0,921313.0
2024-03-27,Trentino-Alto Adige,10,7,329.0,7.0,2214395.0,207655.0
2024-03-27,Umbria,15,526,1336.0,14.0,3407839.0,298382.0
2024-03-27,Valle d'Aosta,2,6,226.0,1.0,460096.0,35969.0
2024-03-27,Veneto,87,9734,14959.0,51.0,27158233.0,1691190.0
2024-03-20,Abruzzo,7,8440,1259.0,3.0,5051413.0,424907.0
2024-03-20,Basilicata,0,9876,360.0,0.0,671102.0,131249.0
2024-03-20,Calabria,6,3460,1822.0,3.0,2575571.0,450907.0
2024-03-20,Campania,54,10685,16798.0,51.0,12136907.0,1588430.0
2024-03-20,Emilia-Romagna,39,214,6391.0,27.0,9274787.0,1110344.0
2024-03-20,Friuli-Venezia Giulia,11,285,1017.0,6.0,3991457.0,356232.0
2024-03-20,Lazio,140,60579,15893.0,133.0,17809393.0,1488273.0
2024-03-20,Liguria,4,2,1806.0,3.0,4430138.0,401351.0
2024-03-20,Lombardia,225,354,18796.0,143.0,29981147.0,2786308.0
2024-03-20,Marche,12,4,533.0,12.0,1783415.0,513577.0
2024-03-20,Molise,1,1,375.0,0.0,297497.0,74453.0
2024-03-20,Piemonte,38,54317,11921.0,35.0,17385206.0,1284218.0
2024-03-20,Puglia,51,173,9153.0,49.0,9733473.0,1173013.0
2024-03-20,Sardegna,4,9498,1329.0,4.0,3334643.0,346134.0
2024-03-20,Sicilia,12,984,88.0,0.0,11467550.0,1291654.0
2024-03-20,Toscana,57,212,7451.0,15.0,10177898.0,921303.0
2024-03-20,Trentino-Alto Adige,15,17,344.0,10.0,2214066.0,207648.0
2024-03-20,Umbria,7,519,1261.0,4.0,3406503.0,298368.0
2024-03-20,Valle d'Aosta,2,4,205.0,-1.0,459870.0,35968.0
2024-03-20,Veneto,98,9736,14100.0,-5.0,27143274.0,1691139.0
2024-03-13,Abruzzo,16,8436,1289.0,1.0,5050154.0,424904.0
2024-03-13,Basilicata,1,9877,458.0,1.0,670742.0,131249.0
2024-03-13,Calabria,13,3467,1823.0,6.0,2573749.0,450904.0
2024-03-13,Campania,60,10676,17308.0,55.0,12120109.0,1588379.0
2024-03-13,Emilia-Romagna,47,252,14833.0,34.0,9268396.0,1110317.0
2024-03-13,Friuli-Venezia Giulia,14,288,957.0,5.0,3990440.0,356226.0
2024-03-13,Lazio,109,60976,10489.0,102.0,17793500.0,1488140.0
2024-03-13,Liguria,6,4,1667.0,5.0,4428332.0,401348.0
2024-03-13,Lombardia,128,383,19624.0,121.0,29962351.0,2786165.0
2024-03-13,Marche,13,4,497.0,13.0,1782882.0,513565.0
2024-03-13,Molise,0,4,246.0,0.0,297122.0,74453.0
2024-03-13,Piemonte,49,54491,11936.0,43.0,17373285.0,1284183.0
2024-03-13,Puglia,51,189,9194.0,46.0,9724320.0,1172964.0
2024-03-13,Sardegna,11,9497,1285.0,11.0,3333314.0,346130.0
2024-03-13,Sicilia,25,995,85.0,3.0,11467462.0,1291654.0
2024-03-13,Toscana,47,232,7345.0,13.0,10170447.0,921288.0
2024-03-13,Trentino-Alto Adige,14,14,317.0,7.0,2213722.0,207638.0
2024-03-13,Umbria,5,526,1241.0,0.0,3405242.0,298364.0
2024-03-13,Valle d'Aosta,1,3,208.0,2.0,459665.0,35969.0
2024-03-13,Veneto,128,9718,15889.0,31.0,27129174.0,1691144.0
2024-03-06,Abruzzo,22,8439,1336.0,3.0,5048865.0,424903.0
2024-03-06,Basilicata,2,9878,473.0,2.0,670284.0,131248.0
2024-03-06,Calabria,22,3462,1937.0,13.0,2571926.0,450898.0
2024-03-06,Campania,53,10654,17459.0,48.0,12102801.0,1588324.0
2024-03-06,Emilia-Romagna,60,294,5681.0,43.0,9253563.0,1110283.0
2024-03-06,Friuli-Venezia Giulia,19,295,1009.0,6.0,3989483.0,356221.0
2024-03-06,Lazio,131,60909,12005.0,93.0,17783011.0,1488038.0
2024-03-06,Liguria,13,6,1860.0,11.0,4426665.0,401343.0
2024-03-06,Lombardia,288,601,21413.0,153.0,29942727.0,2786044.0
2024-03-06,Marche,22,9,618.0,22.0,1782385.0,513552.0
2024-03-06,Molise,2,4,270.0,1.0,296876.0,74453.0
2024-03-06,Piemonte,51,54639,12191.0,46.0,17361349.0,1284140.0
2024-03-06,Puglia,51,405,9218.0,49.0,9715126.0,1172918.0
2024-03-06,Sardegna,8,9486,1686.0,8.0,3332029.0,346119.0
2024-03-06,Sicilia,24,903,108.0,22.0,11467377.0,1291651.0
2024-03-06,Toscana,67,261,7694.0,24.0,10163102.0,921275.0
2024-03-06,Trentino-Alto Adige,13,10,321.0,9.0,2213405.0,207631.0
2024-03-06,Umbria,10,553,1242.0,7.0,3404001.0,298364.0
2024-03-06,Valle d'Aosta,2,3,256.0,2.0,459457.0,35967.0
2024-03-06,Veneto,138,9713,15561.0,34.0,27113285.0,1691113.0
2024-02-28,Abruzzo,27,8444,1469.0,11.0,5047529.0,424900.0
2024-02-28,Basilicata,1,9880,489.0,0.0,669811.0,131246.0
2024-02-28,Calabria,19,3479,1933.0,15.0,2569989.0,450885.0
2024-02-28,Campania,74,10670,17314.0,65.0,12085342.0,1588276.0
2024-02-28,Emilia-Romagna,65,383,5542.0,47.0,9247882.0,1110240.0
2024-02-28,Friuli-Venezia Giulia,22,300,1072.0,13.0,3988474.0,356215.0
2024-02-28,Lazio,118,60874,11735.0,109.0,17771006.0,1487945.0
2024-02-28,Liguria,11,13,2153.0,8.0,4424805.0,401332.0
2024-02-28,Lombardia,230,716,20632.0,164.0,29921314.0,2785891.0
2024-02-28,Marche,5,7,427.0,5.0,1781767.0,513530.0
2024-02-28,Molise,0,2,313.0,0.0,296606.0,74452.0
2024-02-28,Piemonte,79,54776,12485.0,75.0,17349158.0,1284094.0
2024-02-28,Puglia,102,552,9809.0,103.0,9705908.0,1172869.0
2024-02-28,Sardegna,20,9490,1720.0,20.0,3330343.0,346111.0
2024-02-28,Sicilia,22,930,118.0,15.0,11467269.0,1291629.0
2024-02-28,Toscana,74,358,7937.0,17.0,10155408.0,921251.0
2024-02-28,Trentino-Alto Adige,15,11,310.0,3.0,2213084.0,207622.0
2024-02-28,Umbria,9,556,1251.0,6.0,3402759.0,298357.0
2024-02-28,Valle d'Aosta,4,5,244.0,2.0,459201.0,35965.0
2024-02-28,Veneto,206,9742,16296.0,70.0,27097724.0,1691079.0
2024-02-21,Abruzzo,35,8447,1507.0,8.0,5046060.0,424889.0
2024-02-21,Basilicata,3,9887,485.0,3.0,669322.0,131246.0
2024-02-21,Calabria,33,3499,1976.0,26.0,2568056.0,450870.0
2024-02-21,Campania,128,10699,17580.0,116.0,12068028.0,1588211.0
2024-02-21,Emilia-Romagna,86,485,5774.0,65.0,9242340.0,1110193.0
2024-02-21,Friuli-Venezia Giulia,38,293,1159.0,20.0,3987402.0,356202.0
2024-02-21,Lazio,215,60187,14908.0,196.0,17759271.0,1487836.0
2024-02-21,Liguria,30,22,2428.0,28.0,4422652.0,401324.0
2024-02-21,Lombardia,354,939,21760.0,251.0,29900682.0,2785727.0
2024-02-21,Marche,23,7,602.0,22.0,1781340.0,513525.0
2024-02-21,Molise,2,3,332.0,1.0,296293.0,74452.0
2024-02-21,Piemonte,99,54924,12317.0,91.0,17336673.0,1284019.0
2024-02-21,Puglia,114,590,13416.0,108.0,9696099.0,1172766.0
2024-02-21,Sardegna,17,9487,1880.0,17.0,3328623.0,346091.0
2024-02-21,Sicilia,10,930,108.0,2.0,11467151.0,1291614.0
2024-02-21,Toscana,100,431,8121.0,37.0,10147471.0,921234.0
2024-02-21,Trentino-Alto Adige,28,21,367.0,11.0,2212774.0,207619.0
2024-02-21,Umbria,15,573,1342.0,8.0,3401508.0,298351.0
2024-02-21,Valle d'Aosta,1,3,239.0,1.0,458957.0,35963.0
2024-02-21,Veneto,276,9773,20151.0,69.0,27081428.0,1691009.0
2024-02-14,Abruzzo,62,8741,1600.0,18.0,5044553.0,424881.0
2024-02-14,Basilicata,3,9891,457.0,3.0,668837.0,131243.0
2024-02-14,Calabria,61,3521,2096.0,48.0,2566080.0,450844.0
2024-02-14,Campania,170,10674,17205.0,157.0,12050448.0,1588095.0
2024-02-14,Emilia-Romagna,128,641,5916.0,103.0,9236566.0,1110128.0
2024-02-14,Friuli-Venezia Giulia,48,333,1342.0,31.0,3986243.0,356182.0
2024-02-14,Lazio,290,59846,13568.0,254.0,17744363.0,1487640.0
2024-02-14,Liguria,47,29,2533.0,45.0,4420224.0,401296.0
2024-02-14,Lombardia,447,1403,22958.0,353.0,29878922.0,2785476.0
2024-02-14,Marche,33,10,764.0,33.0,1780738.0,513503.0
2024-02-14,Molise,1,49,307.0,0.0,295961.0,74451.0
2024-02-14,Piemonte,117,55083,10548.0,106.0,17324356.0,1283928.0
2024-02-14,Puglia,159,946,9943.0,148.0,9682683.0,1172658.0
2024-02-14,Sardegna,22,9472,1729.0,21.0,3326743.0,346074.0
2024-02-14,Sicilia,27,1082,157.0,8.0,11467043.0,1291612.0
2024-02-14,Toscana,154,508,7263.0,52.0,10139350.0,921197.0
2024-02-14,Trentino-Alto Adige,30,24,393.0,12.0,2212407.0,207608.0
2024-02-14,Umbria,26,587,1351.0,17.0,3400166.0,298343.0
2024-02-14,Valle d'Aosta,4,6,209.0,4.0,458718.0,35962.0
2024-02-14,Veneto,394,9835,13555.0,107.0,27061277.0,1690940.0
2024-02-07,Abruzzo,68,8861,1645.0,26.0,5042953.0,424863.0
2024-02-07,Basilicata,4,9895,550.0,4.0,668380.0,131240.0
2024-02-07,Calabria,69,3517,2170.0,54.0,2563984.0,450796.0
2024-02-07,Campania,245,10713,13976.0,229.0,12033243.0,1587938.0
2024-02-07,Emilia-Romagna,183,858,6074.0,144.0,9230650.0,1110025.0
2024-02-07,Friuli-Venezia Giulia,78,363,1280.0,54.0,3984901.0,356151.0
2024-02-07,Lazio,394,59763,13539.0,374.0,17730795.0,1487386.0
2024-02-07,Liguria,60,45,2573.0,51.0,4417691.0,401251.0
2024-02-07,Lombardia,628,1997,23726.0,467.0,29855964.0,2785123.0
2024-02-07,Marche,46,18,858.0,42.0,1779974.0,513470.0
2024-02-07,Molise,8,183,343.0,0.0,295654.0,74451.0
2024-02-07,Piemonte,151,55225,12904.0,143.0,17313808.0,1283822.0
2024-02-07,Puglia,210,1804,10274.0,177.0,9672740.0,1172510.0
2024-02-07,Sardegna,10,9535,1866.0,10.0,3325014.0,346053.0
2024-02-07,Sicilia,44,1122,109.0,6.0,11466886.0,1291604.0
2024-02-07,Toscana,198,617,5713.0,67.0,10132087.0,921145.0
2024-02-07,Trentino-Alto Adige,31,29,448.0,12.0,2212014.0,207596.0
2024-02-07,Umbria,33,607,1397.0,20.0,3398815.0,298326.0
2024-02-07,Valle d'Aosta,4,8,270.0,4.0,458509.0,35958.0
2024-02-07,Veneto,528,9882,17688.0,143.0,27047722.0,1690833.0
2024-01-31,Abruzzo,134,9036,1772.0,20.0,5041308.0,424837.0
2024-01-31,Basilicata,6,9901,635.0,6.0,667830.0,131236.0
2024-01-31,Calabria,117,3574,2308.0,77.0,2561814.0,450742.0
2024-01-31,Campania,349,10800,18994.0,313.0,12019267.0,1587709.0
2024-01-31,Emilia-Romagna,202,1141,6364.0,124.0,9224576.0,1109881.0
2024-01-31,Friuli-Venezia Giulia,59,346,1278.0,39.0,3983621.0,356097.0
2024-01-31,Lazio,476,59561,14884.0,447.0,17717256.0,1487012.0
2024-01-31,Liguria,80,57,2728.0,72.0,4415118.0,401200.0
2024-01-31,Lombardia,817,2727,24385.0,636.0,29832238.0,2784656.0
2024-01-31,Marche,80,25,933.0,78.0,1779116.0,513428.0
2024-01-31,Molise,12,324,366.0,3.0,295311.0,74451.0
2024-01-31,Piemonte,225,55407,13382.0,210.0,17300904.0,1283679.0
2024-01-31,Puglia,289,5310,11087.0,270.0,9662466.0,1172333.0
2024-01-31,Sardegna,22,9546,1991.0,22.0,3323148.0,346043.0
2024-01-31,Sicilia,38,1434,124.0,5.0,11466777.0,1291598.0
2024-01-31,Toscana,203,912,7816.0,97.0,10126374.0,921078.0
2024-01-31,Trentino-Alto Adige,68,32,464.0,14.0,2211566.0,207584.0
2024-01-31,Umbria,41,642,1421.0,32.0,3397418.0,298306.0
2024-01-31,Valle d'Aosta,5,14,237.0,3.0,458239.0,35954.0
2024-01-31,Veneto,636,9946,18017.0,179.0,27030034.0,1690690.0
2024-01-24,Abruzzo,179,9253,2002.0,50.0,5039536.0,424817.0
2024-01-24,Basilicata,22,9903,638.0,22.0,667195.0,131230.0
2024-01-24,Calabria,170,3592,2498.0,136.0,2559506.0,450665.0
2024-01-24,Campania,598,11151,20189.0,540.0,12000273.0,1587396.0
2024-01-24,Emilia-Romagna,316,1676,6522.0,245.0,9218212.0,1109757.0
2024-01-24,Friuli-Venezia Giulia,95,396,1487.0,57.0,3982343.0,356058.0
2024-01-24,Lazio,742,59362,15624.0,697.0,17702372.0,1486565.0
2024-01-24,Liguria,111,78,2965.0,107.0,4412390.0,401128.0
2024-01-24,Lombardia,970,4023,26008.0,765.0,29807853.0,2784020.0
2024-01-24,Marche,96,34,916.0,94.0,1778183.0,513350.0
2024-01-24,Molise,18,312,389.0,10.0,294945.0,74448.0
2024-01-24,Piemonte,326,55611,14422.0,305.0,17287522.0,1283469.0
2024-01-24,Puglia,770,8128,11914.0,722.0,9651379.0,1172063.0
2024-01-24,Sardegna,68,9558,2358.0,68.0,3321157.0,346021.0
2024-01-24,Sicilia,97,1406,145.0,12.0,11466653.0,1291593.0
2024-01-24,Toscana,318,1411,7952.0,160.0,10118558.0,920981.0
2024-01-24,Trentino-Alto Adige,59,50,551.0,23.0,2211102.0,207570.0
2024-01-24,Umbria,72,724,1632.0,59.0,3395997.0,298274.0
2024-01-24,Valle d'Aosta,8,21,257.0,4.0,458002.0,35951.0
2024-01-24,Veneto,775,9995,18553.0,257.0,27012017.0,1690511.0
2024-01-17,Abruzzo,315,9602,2748.0,132.0,5037534.0,424767.0
2024-01-17,Basilicata,35,9895,748.0,34.0,666557.0,131208.0
2024-01-17,Calabria,294,3898,2829.0,254.0,2557008.0,450529.0
2024-01-17,Campania,1247,12506,22749.0,1144.0,11980084.0,1586856.0
2024-01-17,Emilia-Romagna,465,2756,6678.0,380.0,9211690.0,1109512.0
2024-01-17,Friuli-Venezia Giulia,183,490,1818.0,135.0,3980856.0,356001.0
2024-01-17,Lazio,1598,59140,21655.0,1507.0,17686748.0,1485868.0
2024-01-17,Liguria,213,99,3373.0,201.0,4409425.0,401021.0
2024-01-17,Lombardia,1523,5899,28826.0,1191.0,29781845.0,2783255.0
2024-01-17,Marche,167,83,1103.0,162.0,1777267.0,513256.0
2024-01-17,Molise,38,601,438.0,18.0,294556.0,74438.0
2024-01-17,Piemonte,510,55824,15332.0,492.0,17273100.0,1283164.0
2024-01-17,Puglia,1041,8018,13719.0,983.0,9639465.0,1171341.0
2024-01-17,Sardegna,93,9589,2543.0,93.0,3318799.0,345953.0
2024-01-17,Sicilia,121,1508,158.0,75.0,11466508.0,1291581.0
2024-01-17,Toscana,472,2181,9032.0,221.0,10110606.0,920821.0
2024-01-17,Trentino-Alto Adige,114,104,644.0,46.0,2210551.0,207547.0
2024-01-17,Umbria,120,971,1788.0,99.0,3394365.0,298215.0
2024-01-17,Valle d'Aosta,8,28,289.0,3.0,457745.0,35947.0
2024-01-17,Veneto,1118,10170,19880.0,318.0,26993464.0,1690254.0
2024-01-10,Abruzzo,661,10173,0.0,0.0,5034786.0,424635.0
2024-01-10,Basilicata,77,9877,0.0,0.0,665809.0,131174.0
2024-01-10,Calabria,633,4276,0.0,0.0,2554179.0,450275.0
2024-01-10,Campania,3021,14151,0.0,0.0,11957335.0,1585712.0
2024-01-10,Emilia-Romagna,939,4280,0.0,0.0,9205012.0,1109132.0
2024-01-10,Friuli-Venezia Giulia,341,631,0.0,0.0,3979038.0,355866.0
2024-01-10,Lazio,3490,58768,0.0,0.0,17665093.0,1484361.0
2024-01-10,Liguria,423,158,0.0,0.0,4406052.0,400820.0
2024-01-10,Lombardia,2971,8149,0.0,0.0,29753019.0,2782064.0
2024-01-10,Marche,410,140,0.0,0.0,1776164.0,513094.0
2024-01-10,Molise,78,931,0.0,0.0,294118.0,74420.0
2024-01-10,Piemonte,1005,56051,0.0,0.0,17257768.0,1282672.0
2024-01-10,Puglia,2270,11822,0.0,0.0,9625746.0,1170358.0
2024-01-10,Sardegna,252,9542,0.0,0.0,3316256.0,345860.0
2024-01-10,Sicilia,242,1673,0.0,0.0,11466350.0,1291506.0
2024-01-10,Toscana,1107,3556,0.0,0.0,10101574.0,920600.0
2024-01-10,Trentino-Alto Adige,184,169,0.0,0.0,2209907.0,207501.0
2024-01-10,Umbria,285,1390,0.0,0.0,3392577.0,298116.0
2024-01-10,Valle d'Aosta,32,40,0.0,0.0,457456.0,35944.0
2024-01-10,Veneto,2524,10641,0.0,0.0,26973584.0,1689936.0
